[
  {
    "name": "Hoth",
    "rotation_period": "23",
    "orbital_period": "549",
    "diameter": "7200",
    "climate": "frozen",
    "gravity": "1.1 standard",
    "terrain": "tundra, ice caves, mountain ranges",
    "surface_water": "100",
    "population": "unknown",
    "url": "https://starwars-visualguide.com/assets/img/planets/4.jpg"
  },
  {
    "name": "Alderaan",
    "rotation_period": "24",
    "orbital_period": "364",
    "diameter": "12500",
    "climate": "temperate",
    "gravity": "1 standard",
    "terrain": "grasslands, mountains",
    "surface_water": "40",
    "population": "2000000000",
    "created": "2014-12-10T11:35:48.479000Z",
    "edited": "2014-12-20T20:58:18.420000Z",
    "url": "https://starwars-visualguide.com/assets/img/planets/2.jpg"
  },
  {
    "name": "Yavin IV",
    "rotation_period": "24",
    "orbital_period": "4818",
    "diameter": "10200",
    "climate": "temperate, tropical",
    "gravity": "1 standard",
    "terrain": "jungle, rainforests",
    "surface_water": "8",
    "population": "1000",
    "created": "2014-12-10T11:37:19.144000Z",
    "edited": "2014-12-20T20:58:18.421000Z",
    "url": "https://starwars-visualguide.com/assets/img/planets/3.jpg"
  }
]
