[
  {
    "name": "Death Star",
    "model": "DS-1 Orbital Battle Station",
    "manufacturer": "Imperial Department of Military Research, Sienar Fleet Systems",
    "cost_in_credits": "1000000000000",
    "length": "120000",
    "max_atmosphering_speed": "n/a",
    "crew": "342,953",
    "passengers": "843,342",
    "cargo_capacity": "1000000000000",
    "consumables": "3 years",
    "hyperdrive_rating": "4.0",
    "MGLT": "10",
    "starship_class": "Deep Space Mobile Battlestation",
    "url": "https://starwars-visualguide.com/assets/img/starships/9.jpg"
  },
  {
    "name": "Millennium Falcon",
    "model": "YT-1300 light freighter",
    "manufacturer": "Corellian Engineering Corporation",
    "cost_in_credits": "100000",
    "length": "34.37",
    "max_atmosphering_speed": "1050",
    "crew": "4",
    "passengers": "6",
    "cargo_capacity": "100000",
    "consumables": "2 months",
    "hyperdrive_rating": "0.5",
    "MGLT": "75",
    "starship_class": "Light freighter",
    "url": "https://starwars-visualguide.com/assets/img/starships/10.jpg"
  },
  {
    "name": "Sentinel-class landing craft",
    "model": "Sentinel-class landing craft",
    "manufacturer": "Sienar Fleet Systems, Cyngus Spaceworks",
    "cost_in_credits": "240000",
    "length": "38",
    "max_atmosphering_speed": "1000",
    "crew": "5",
    "passengers": "75",
    "cargo_capacity": "180000",
    "consumables": "1 month",
    "hyperdrive_rating": "1.0",
    "MGLT": "70",
    "starship_class": "landing craft",
    "created": "2014-12-10T15:48:00.586000Z",
    "edited": "2014-12-20T21:23:49.873000Z",
    "url": "https://starwars-visualguide.com/assets/img/starships/5.jpg"
  }
]
